Role,Skills
Data Scientist,"Python SQL Machine Learning Statistics Pandas NumPy Data Analysis Visualization"
DevOps Engineer,"AWS Docker Kubernetes CI/CD Automation Linux Cloud Computing Scripting"
Backend Developer,"Java Python SQL APIs Spring Boot Databases Microservices REST"
Frontend Developer,"JavaScript React CSS HTML UI UX Design TypeScript Web Design"
Cloud Architect,"AWS Azure Cloud Computing Networking Security Infrastructure Automation"
Full Stack Developer,"JavaScript Python React Node.js SQL APIs HTML CSS Databases"
Machine Learning Engineer,"Python Machine Learning TensorFlow PyTorch Algorithms Data Structures Statistics"
Cybersecurity Analyst,"Security Networking Linux Python Risk Assessment Encryption Firewalls"
Mobile App Developer,"Java Kotlin Swift Mobile Development UI UX APIs Android iOS"
Database Administrator,"SQL Databases Data Modeling Backup Recovery Performance Tuning Security"
QA Automation Engineer,"Python Java Selenium Automation Testing CI/CD Scripting Quality Assurance"
Systems Administrator,"Linux Networking Scripting Automation Security Infrastructure Monitoring"
